Workbook

Sheet Incoming Correspondence
A1: INCOMING CORRESPONDENCE LOG
A3: Reference Number | B3: Date Received | C3: From (Sender) | D3: Subject | E3: Type | F3: Priority | G3: Assigned To | H3: Department | I3: Status | J3: Action Required | K3: Due Date | L3: Date Replied | M3: Days to Respond | N3: Notes
A4: IN-2026-001 | B4: 2026-02-10 | C4: Ministry of Commerce | D4: License Renewal Notice | E4: Letter | F4: High | G4: Legal Team | H4: Legal | I4: Replied | J4: Yes | K4: 2026-02-17 | L4: 2026-02-12 | M4: =IF(L4="","",L4-B4) | N4: Renewal submitted
A5: IN-2026-002 | B5: 2026-02-10 | C5: Qatar Chamber | D5: Membership Renewal | E5: Email | F5: Medium | G5: Finance | H5: Finance | I5: Replied | J5: Yes | K5: 2026-02-20 | L5: 2026-02-14 | M5: =IF(L5="","",L5-B5) | N5: Payment processed
A6: IN-2026-003 | B6: 2026-02-11 | C6: Microsoft Qatar | D6: Contract Amendment | E6: Email | F6: High | G6: IT Director | H6: IT | I6: In Progress | J6: Yes | K6: 2026-02-18 | M6: =IF(L6="","",L6-B6) | N6: Under legal review
A7: IN-2026-004 | B7: 2026-02-11 | C7: Client - ABC Corp | D7: Project Proposal Request | E7: Email | F7: Urgent | G7: Sales Team | H7: Sales | I7: Replied | J7: Yes | K7: 2026-02-13 | L7: 2026-02-12 | M7: =IF(L7="","",L7-B7) | N7: Proposal sent
A8: IN-2026-005 | B8: 2026-02-12 | C8: HR Solutions Ltd | D8: Training Quotation | E8: Email | F8: Low | G8: HR Manager | H8: HR | I8: Pending | J8: No | K8: 2026-02-26 | M8: =IF(L8="","",L8-B8) | N8: For review
A9: IN-2026-006 | B9: 2026-02-12 | C9: Qatar Electricity | D9: Power Upgrade Notice | E9: Letter | F9: Medium | G9: Facilities | H9: Operations | I9: Replied | J9: Yes | K9: 2026-02-19 | L9: 2026-02-15 | M9: =IF(L9="","",L9-B9) | N9: Acknowledged
A10: IN-2026-007 | B10: 2026-02-13 | C10: Bank of Qatar | D10: Account Statement | E10: Email | F10: Low | G10: Finance | H10: Finance | I10: Filed | J10: No | M10: =IF(L10="","",L10-B10) | N10: Monthly statement
A11: IN-2026-008 | B11: 2026-02-13 | C11: Vendor - Tech Supplies | D11: Invoice #INV-2026-456 | E11: Email | F11: Medium | G11: Finance | H11: Finance | I11: In Progress | J11: Yes | K11: 2026-02-20 | M11: =IF(L11="","",L11-B11) | N11: Awaiting approval
A12: IN-2026-009 | B12: 2026-02-14 | C12: Ministry of Labor | D12: Compliance Audit Notice | E12: Letter | F12: Urgent | G12: HR Director | H12: HR | I12: In Progress | J12: Yes | K12: 2026-02-21 | M12: =IF(L12="","",L12-B12) | N12: Preparing documents
A13: IN-2026-010 | B13: 2026-02-14 | C13: Insurance Company | D13: Policy Renewal | E13: Email | F13: High | G13: Finance | H13: Finance | I13: Pending | J13: Yes | K13: 2026-02-28 | M13: =IF(L13="","",L13-B13) | N13: Quote requested
A14: IN-2026-011 | B14: 2026-02-15 | C14: Client - XYZ Ltd | D14: Support Request | E14: Email | F14: High | G14: IT Support | H14: IT | I14: Replied | J14: Yes | K14: 2026-02-16 | L14: 2026-02-15 | M14: =IF(L14="","",L14-B14) | N14: Issue resolved
A15: IN-2026-012 | B15: 2026-02-15 | C15: Legal Firm | D15: Contract Review | E15: Email | F15: Medium | G15: Legal Team | H15: Legal | I15: In Progress | J15: Yes | K15: 2026-02-22 | M15: =IF(L15="","",L15-B15) | N15: Under review
A16: IN-2026-013 | B16: 2026-02-16 | C16: Qatar Foundation | D16: Partnership Inquiry | E16: Email | F16: Medium | G16: CEO Office | H16: Management | I16: Pending | J16: Yes | K16: 2026-02-23 | M16: =IF(L16="","",L16-B16) | N16: Meeting scheduled
A17: IN-2026-014 | B17: 2026-02-16 | C17: Cisco Systems | D17: Product Update | E17: Email | F17: Low | G17: IT Team | H17: IT | I17: Filed | J17: No | M17: =IF(L17="","",L17-B17) | N17: Information only
A18: IN-2026-015 | B18: 2026-02-17 | C18: Client - DEF Inc | D18: Complaint | E18: Email | F18: Urgent | G18: Customer Service | H18: Operations | I18: In Progress | J18: Yes | K18: 2026-02-18 | M18: =IF(L18="","",L18-B18) | N18: Escalated to management

Sheet Outgoing Correspondence
A1: OUTGOING CORRESPONDENCE LOG
A3: Reference Number | B3: Date Sent | C3: To (Recipient) | D3: Subject | E3: Type | F3: Priority | G3: Sent By | H3: Department | I3: Status | J3: Delivery Method | K3: Tracking Number | L3: Confirmation Received | M3: Response Due | N3: Notes
A4: OUT-2026-001 | B4: 2026-02-10 | C4: Ministry of Commerce | D4: License Renewal Application | E4: Letter | F4: High | G4: Legal Team | H4: Legal | I4: Delivered | J4: Courier | K4: TRK-001234 | L4: Yes | M4: 2026-02-24 | N4: Submitted on time
A5: OUT-2026-002 | B5: 2026-02-11 | C5: Client - ABC Corp | D5: Project Proposal | E5: Email | F5: Urgent | G5: Sales Team | H5: Sales | I5: Delivered | J5: Email | L5: Yes | M5: 2026-02-18 | N5: Awaiting feedback
A6: OUT-2026-003 | B6: 2026-02-12 | C6: Microsoft Qatar | D6: Contract Queries | E6: Email | F6: High | G6: IT Director | H6: IT | I6: Delivered | J6: Email | L6: Yes | M6: 2026-02-19 | N6: Questions sent
A7: OUT-2026-004 | B7: 2026-02-12 | C7: Qatar Chamber | D7: Membership Payment | E7: Email | F7: Medium | G7: Finance | H7: Finance | I7: Delivered | J7: Email | L7: Yes | N7: Payment confirmation
A8: OUT-2026-005 | B8: 2026-02-13 | C8: Vendor - Tech Supplies | D8: Purchase Order #PO-2026-089 | E8: Email | F8: Medium | G8: Procurement | H8: Operations | I8: Delivered | J8: Email | L8: Yes | M8: 2026-02-20 | N8: Order placed
A9: OUT-2026-006 | B9: 2026-02-14 | C9: Qatar Electricity | D9: Power Upgrade Acknowledgment | E9: Letter | F9: Medium | G9: Facilities | H9: Operations | I9: Delivered | J9: Hand Delivery | L9: Yes | N9: Acknowledged
A10: OUT-2026-007 | B10: 2026-02-14 | C10: Insurance Company | D10: Quote Request | E10: Email | F10: High | G10: Finance | H10: Finance | I10: Delivered | J10: Email | L10: No | M10: 2026-02-21 | N10: Awaiting quote
A11: OUT-2026-008 | B11: 2026-02-15 | C11: Client - XYZ Ltd | D11: Support Resolution | E11: Email | F11: High | G11: IT Support | H11: IT | I11: Delivered | J11: Email | L11: Yes | N11: Issue closed
A12: OUT-2026-009 | B12: 2026-02-15 | C12: Ministry of Labor | D12: Compliance Documents | E12: Letter | F12: Urgent | G12: HR Director | H12: HR | I12: In Transit | J12: Courier | K12: TRK-001567 | L12: No | M12: 2026-02-22 | N12: Documents submitted
A13: OUT-2026-010 | B13: 2026-02-16 | C13: Bank of Qatar | D13: Account Update Request | E13: Letter | F13: Medium | G13: Finance | H13: Finance | I13: Delivered | J13: Hand Delivery | L13: Yes | N13: Signatory update
A14: OUT-2026-011 | B14: 2026-02-16 | C14: Qatar Foundation | D14: Partnership Response | E14: Email | F14: Medium | G14: CEO Office | H14: Management | I14: Pending | J14: Email | L14: No | M14: 2026-02-23 | N14: Draft ready
A15: OUT-2026-012 | B15: 2026-02-17 | C15: Client - DEF Inc | D15: Complaint Response | E15: Email | F15: Urgent | G15: Customer Service | H15: Operations | I15: Pending | J15: Email | L15: No | M15: 2026-02-18 | N15: Awaiting approval

Sheet Response Time Analysis
A1: CORRESPONDENCE RESPONSE TIME ANALYSIS
A3: SLA SETTINGS
A4: Urgent SLA (days): | B4: 1
A5: High SLA (days): | B5: 3
A6: Medium SLA (days): | B6: 5
A7: Low SLA (days): | B7: 10
A9: KEY PERFORMANCE METRICS
A10: Total Incoming: | B10: =COUNTA('Incoming Correspondence'!A:A)-1
A11: Total Outgoing: | B11: =COUNTA('Outgoing Correspondence'!A:A)-1
A12: Avg Response Time (days): | B12: =IFERROR(AVERAGE('Incoming Correspondence'!M:M),0)
A13: % Responded On Time: | B13: =IFERROR(COUNTIFS('Incoming Correspondence'!I:I,"Replied",'Incoming Correspondence'!M:M,"<="&B5)/COUNTIF('Incoming Correspondence'!I:I,"Replied")*100,0)
A14: Overdue Items: | B14: =COUNTIFS('Incoming Correspondence'!I:I,"<>"&"Replied",'Incoming Correspondence'!I:I,"<>"&"Filed",'Incoming Correspondence'!K:K,"<"&TODAY())
A15: Pending Actions: | B15: =COUNTIF('Incoming Correspondence'!I:I,"Pending")+COUNTIF('Incoming Correspondence'!I:I,"In Progress")
A17: SLA COMPLIANCE BY PRIORITY
A18: Priority | B18: Total | C18: On Time | D18: Compliance %
A19: Urgent | B19: =COUNTIF('Incoming Correspondence'!F:F,A19) | C19: =COUNTIFS('Incoming Correspondence'!F:F,A19,'Incoming Correspondence'!I:I,"Replied") | D19: =IFERROR(C19/B19*100,0)
A20: High | B20: =COUNTIF('Incoming Correspondence'!F:F,A20) | C20: =COUNTIFS('Incoming Correspondence'!F:F,A20,'Incoming Correspondence'!I:I,"Replied") | D20: =IFERROR(C20/B20*100,0)
A21: Medium | B21: =COUNTIF('Incoming Correspondence'!F:F,A21) | C21: =COUNTIFS('Incoming Correspondence'!F:F,A21,'Incoming Correspondence'!I:I,"Replied") | D21: =IFERROR(C21/B21*100,0)
A22: Low | B22: =COUNTIF('Incoming Correspondence'!F:F,A22) | C22: =COUNTIFS('Incoming Correspondence'!F:F,A22,'Incoming Correspondence'!I:I,"Replied") | D22: =IFERROR(C22/B22*100,0)
A25: DEPARTMENT RESPONSE PERFORMANCE
A26: Department | B26: Received | C26: Replied | D26: Avg Days
A27: IT | B27: =COUNTIF('Incoming Correspondence'!H:H,A27) | C27: =COUNTIFS('Incoming Correspondence'!H:H,A27,'Incoming Correspondence'!I:I,"Replied") | D27: =IFERROR(AVERAGEIFS('Incoming Correspondence'!M:M,'Incoming Correspondence'!H:H,A27),"-")
A28: HR | B28: =COUNTIF('Incoming Correspondence'!H:H,A28) | C28: =COUNTIFS('Incoming Correspondence'!H:H,A28,'Incoming Correspondence'!I:I,"Replied") | D28: =IFERROR(AVERAGEIFS('Incoming Correspondence'!M:M,'Incoming Correspondence'!H:H,A28),"-")
A29: Finance | B29: =COUNTIF('Incoming Correspondence'!H:H,A29) | C29: =COUNTIFS('Incoming Correspondence'!H:H,A29,'Incoming Correspondence'!I:I,"Replied") | D29: =IFERROR(AVERAGEIFS('Incoming Correspondence'!M:M,'Incoming Correspondence'!H:H,A29),"-")
A30: Legal | B30: =COUNTIF('Incoming Correspondence'!H:H,A30) | C30: =COUNTIFS('Incoming Correspondence'!H:H,A30,'Incoming Correspondence'!I:I,"Replied") | D30: =IFERROR(AVERAGEIFS('Incoming Correspondence'!M:M,'Incoming Correspondence'!H:H,A30),"-")
A31: Operations | B31: =COUNTIF('Incoming Correspondence'!H:H,A31) | C31: =COUNTIFS('Incoming Correspondence'!H:H,A31,'Incoming Correspondence'!I:I,"Replied") | D31: =IFERROR(AVERAGEIFS('Incoming Correspondence'!M:M,'Incoming Correspondence'!H:H,A31),"-")
A32: Sales | B32: =COUNTIF('Incoming Correspondence'!H:H,A32) | C32: =COUNTIFS('Incoming Correspondence'!H:H,A32,'Incoming Correspondence'!I:I,"Replied") | D32: =IFERROR(AVERAGEIFS('Incoming Correspondence'!M:M,'Incoming Correspondence'!H:H,A32),"-")
A33: Management | B33: =COUNTIF('Incoming Correspondence'!H:H,A33) | C33: =COUNTIFS('Incoming Correspondence'!H:H,A33,'Incoming Correspondence'!I:I,"Replied") | D33: =IFERROR(AVERAGEIFS('Incoming Correspondence'!M:M,'Incoming Correspondence'!H:H,A33),"-")
