Workbook

Sheet Document Master List
A1: Doc Number | B1: Document Title | C1: Type | D1: Category | E1: Department | F1: Version | G1: Author | H1: Creation Date | I1: Status | J1: Review Date | K1: Approval Date | L1: Reviewer | M1: Approver | N1: Expiry Date | O1: File Location | P1: Tags | Q1: Access Level | R1: Notes | S1: Days to Expiry | T1: Document Age
A2: DOC-POL-001 | B2: Information Security Policy | C2: Policy | D2: Security | E2: IT | F2: 2.1 | G2: Ahmed Al-Thani | H2: 2025-01-15 | I2: Approved | J2: 2026-01-15 | K2: 2025-01-20 | L2: Sara Ibrahim | M2: CEO | N2: 2027-01-15 | O2: /policies/security/ | P2: security,IT,compliance | Q2: Confidential | R2: Annual review required | S2: =IF(N2="","",N2-TODAY()) | T2: =IF(H2="","",TODAY()-H2)
A3: DOC-SOP-001 | B3: Visitor Registration Procedure | C3: Procedure | D3: Operations | E3: HR | F3: 1.3 | G3: Fatima Hassan | H3: 2025-03-01 | I3: Approved | J3: 2026-03-01 | K3: 2025-03-10 | L3: HR Manager | M3: COO | N3: 2027-03-01 | O3: /procedures/hr/ | P3: visitors,reception,HR | Q3: Internal | R3: Updated for new system | S3: =IF(N3="","",N3-TODAY()) | T3: =IF(H3="","",TODAY()-H3)
A4: DOC-CON-001 | B4: IT Services Contract - Microsoft | C4: Contract | D4: Legal | E4: IT | F4: 1.0 | G4: Legal Team | H4: 2024-06-01 | I4: Approved | J4: 2025-06-01 | K4: 2024-06-15 | L4: Legal Counsel | M4: CEO | N4: 2026-06-01 | O4: /contracts/it/ | P4: microsoft,cloud,services | Q4: Restricted | R4: Renewal pending | S4: =IF(N4="","",N4-TODAY()) | T4: =IF(H4="","",TODAY()-H4)
A5: DOC-FRM-001 | B5: Leave Application Form | C5: Form | D5: HR | E5: HR | F5: 3.0 | G5: HR Team | H5: 2024-01-01 | I5: Approved | J5: 2025-01-01 | K5: 2024-01-05 | L5: HR Manager | M5: HR Director | N5: 2026-01-01 | O5: /forms/hr/ | P5: leave,HR,employee | Q5: Public | R5: Available on intranet | S5: =IF(N5="","",N5-TODAY()) | T5: =IF(H5="","",TODAY()-H5)
A6: DOC-RPT-001 | B6: Q4 2025 Financial Report | C6: Report | D6: Finance | E6: Finance | F6: 1.0 | G6: Finance Team | H6: 2026-01-10 | I6: Under Review | J6: 2026-02-10 | L6: CFO | M6: CEO | N6: 2027-01-10 | O6: /reports/finance/ | P6: quarterly,finance,2025 | Q6: Confidential | R6: Pending board approval | S6: =IF(N6="","",N6-TODAY()) | T6: =IF(H6="","",TODAY()-H6)
A7: DOC-TEC-001 | B7: Network Architecture Document | C7: Technical | D7: IT | E7: IT | F7: 4.2 | G7: IT Infrastructure | H7: 2023-06-01 | I7: Approved | J7: 2024-06-01 | K7: 2023-06-15 | L7: IT Director | M7: CTO | N7: 2025-06-01 | O7: /technical/network/ | P7: network,infrastructure,diagram | Q7: Restricted | R7: Update scheduled | S7: =IF(N7="","",N7-TODAY()) | T7: =IF(H7="","",TODAY()-H7)
A8: DOC-POL-002 | B8: Data Privacy Policy | C8: Policy | D8: Compliance | E8: Legal | F8: 1.5 | G8: Compliance Team | H8: 2025-05-01 | I8: Approved | J8: 2026-05-01 | K8: 2025-05-10 | L8: DPO | M8: CEO | N8: 2027-05-01 | O8: /policies/privacy/ | P8: GDPR,privacy,data | Q8: Internal | R8: GDPR compliant | S8: =IF(N8="","",N8-TODAY()) | T8: =IF(H8="","",TODAY()-H8)
A9: DOC-SOP-002 | B9: Document Control Procedure | C9: Procedure | D9: Quality | E9: Management | F9: 2.0 | G9: Quality Team | H9: 2024-09-01 | I9: Approved | J9: 2025-09-01 | K9: 2024-09-10 | L9: Quality Manager | M9: COO | N9: 2026-09-01 | O9: /procedures/quality/ | P9: documents,control,ISO | Q9: Internal | R9: ISO 9001 aligned | S9: =IF(N9="","",N9-TODAY()) | T9: =IF(H9="","",TODAY()-H9)
A10: DOC-CON-002 | B10: Office Lease Agreement | C10: Contract | D10: Legal | E10: Management | F10: 1.0 | G10: Legal Team | H10: 2023-01-01 | I10: Approved | J10: 2025-01-01 | K10: 2023-01-15 | L10: Legal Counsel | M10: CEO | N10: 2028-01-01 | O10: /contracts/facilities/ | P10: lease,office,facilities | Q10: Restricted | R10: 5-year term | S10: =IF(N10="","",N10-TODAY()) | T10: =IF(H10="","",TODAY()-H10)
A11: DOC-FRM-002 | B11: Expense Claim Form | C11: Form | D11: Finance | E11: Finance | F11: 2.5 | G11: Finance Team | H11: 2025-02-01 | I11: Approved | J11: 2026-02-01 | K11: 2025-02-10 | L11: Finance Manager | M11: CFO | N11: 2027-02-01 | O11: /forms/finance/ | P11: expenses,reimbursement,finance | Q11: Public | R11: New approval workflow | S11: =IF(N11="","",N11-TODAY()) | T11: =IF(H11="","",TODAY()-H11)
A12: DOC-POL-003 | B12: Remote Work Policy | C12: Policy | D12: HR | E12: HR | F12: 1.0 | G12: HR Team | H12: 2025-08-01 | I12: Draft | N12: 2027-08-01 | O12: /policies/hr/ | P12: remote,WFH,flexible | Q12: Internal | R12: Under development | S12: =IF(N12="","",N12-TODAY()) | T12: =IF(H12="","",TODAY()-H12)
A13: DOC-TEC-002 | B13: API Documentation | C13: Technical | D13: Development | E13: IT | F13: 3.1 | G13: Dev Team | H13: 2025-11-01 | I13: Approved | J13: 2026-11-01 | K13: 2025-11-15 | L13: Tech Lead | M13: CTO | N13: 2027-11-01 | O13: /technical/api/ | P13: API,development,integration | Q13: Confidential | R13: Version 3 release | S13: =IF(N13="","",N13-TODAY()) | T13: =IF(H13="","",TODAY()-H13)
A14: DOC-RPT-002 | B14: Annual HR Report 2025 | C14: Report | D14: HR | E14: HR | F14: 1.0 | G14: HR Analytics | H14: 2026-01-20 | I14: Under Review | J14: 2026-02-20 | L14: HR Director | M14: CEO | N14: 2027-01-20 | O14: /reports/hr/ | P14: annual,HR,metrics | Q14: Internal | R14: Pending final review | S14: =IF(N14="","",N14-TODAY()) | T14: =IF(H14="","",TODAY()-H14)
A15: DOC-SOP-003 | B15: Emergency Evacuation Procedure | C15: Procedure | D15: Safety | E15: Operations | F15: 1.2 | G15: Safety Officer | H15: 2024-03-01 | I15: Approved | J15: 2025-03-01 | K15: 2024-03-15 | L15: Safety Manager | M15: COO | N15: 2026-03-01 | O15: /procedures/safety/ | P15: emergency,evacuation,safety | Q15: Public | R15: Posted at all exits | S15: =IF(N15="","",N15-TODAY()) | T15: =IF(H15="","",TODAY()-H15)
A16: DOC-CON-003 | B16: Cleaning Services Contract | C16: Contract | D16: Operations | E16: Operations | F16: 1.0 | G16: Facilities | H16: 2025-07-01 | I16: Approved | J16: 2026-07-01 | K16: 2025-07-10 | L16: Facilities Manager | M16: COO | N16: 2026-07-01 | O16: /contracts/facilities/ | P16: cleaning,maintenance,facilities | Q16: Internal | R16: Annual renewal | S16: =IF(N16="","",N16-TODAY()) | T16: =IF(H16="","",TODAY()-H16)

Sheet Document Dashboard
A1: DOCUMENT CONTROL DASHBOARD
A3: KEY METRICS
A4: Total Documents: | B4: =COUNTA('Document Master List'!A:A)-1
A5: Approved: | B5: =COUNTIF('Document Master List'!I:I,"Approved")
A6: Under Review: | B6: =COUNTIF('Document Master List'!I:I,"Under Review")
A7: Draft: | B7: =COUNTIF('Document Master List'!I:I,"Draft")
A8: Expiring Soon (30 days): | B8: =COUNTIFS('Document Master List'!S:S,"<30",'Document Master List'!S:S,">0")
A9: Expired: | B9: =COUNTIF('Document Master List'!S:S,"<0")
A10: Overdue Reviews: | B10: =COUNTIFS('Document Master List'!J:J,"<"&TODAY(),'Document Master List'!I:I,"Approved")
A12: STATUS DISTRIBUTION
A13: Status | B13: Count
A14: Draft | B14: =COUNTIF('Document Master List'!I:I,A14)
A15: Under Review | B15: =COUNTIF('Document Master List'!I:I,A15)
A16: Approved | B16: =COUNTIF('Document Master List'!I:I,A16)
A17: Archived | B17: =COUNTIF('Document Master List'!I:I,A17)
A18: Obsolete | B18: =COUNTIF('Document Master List'!I:I,A18)
A21: DOCUMENTS BY DEPARTMENT
A22: Department | B22: Count
A23: IT | B23: =COUNTIF('Document Master List'!E:E,A23)
A24: HR | B24: =COUNTIF('Document Master List'!E:E,A24)
A25: Management | B25: =COUNTIF('Document Master List'!E:E,A25)
A26: Finance | B26: =COUNTIF('Document Master List'!E:E,A26)
A27: Legal | B27: =COUNTIF('Document Master List'!E:E,A27)
A28: Operations | B28: =COUNTIF('Document Master List'!E:E,A28)
A31: DOCUMENT TYPES
A32: Type | B32: Count
A33: Contract | B33: =COUNTIF('Document Master List'!C:C,A33)
A34: Policy | B34: =COUNTIF('Document Master List'!C:C,A34)
A35: Procedure | B35: =COUNTIF('Document Master List'!C:C,A35)
A36: Form | B36: =COUNTIF('Document Master List'!C:C,A36)
A37: Report | B37: =COUNTIF('Document Master List'!C:C,A37)
A38: Technical | B38: =COUNTIF('Document Master List'!C:C,A38)

Sheet Review Schedule
A1: DOCUMENT REVIEW SCHEDULE 2026
A3: Doc Number | B3: Document Title | C3: Jan | D3: Feb | E3: Mar | F3: Apr | G3: May | H3: Jun | I3: Jul | J3: Aug | K3: Sep | L3: Oct | M3: Nov | N3: Dec
A4: DOC-POL-001 | B4: Information Security Policy | C4: █████
A5: DOC-SOP-001 | B5: Visitor Registration Procedure | E5: █████
A6: DOC-CON-001 | B6: IT Services Contract - Microsoft | H6: █████
A7: DOC-FRM-001 | B7: Leave Application Form | C7: █████
A8: DOC-RPT-001 | B8: Q4 2025 Financial Report | D8: █████
A9: DOC-TEC-001 | B9: Network Architecture Document | H9: █████
A10: DOC-POL-002 | B10: Data Privacy Policy | G10: █████
A11: DOC-SOP-002 | B11: Document Control Procedure | K11: █████
A12: DOC-CON-002 | B12: Office Lease Agreement | C12: █████
A13: DOC-FRM-002 | B13: Expense Claim Form | D13: █████
A14: DOC-TEC-002 | B14: API Documentation | M14: █████
A15: DOC-SOP-003 | B15: Emergency Evacuation Procedure | E15: █████
A16: DOC-CON-003 | B16: Cleaning Services Contract | I16: █████
A18: Legend: | B18: Past Due | C18: Current Month | D18: Upcoming

Sheet Version Control Log
A1: DOCUMENT VERSION CONTROL LOG
A3: Document Number | B3: Document Title | C3: Version | D3: Date | E3: Author | F3: Changes Made | G3: Reviewed By | H3: Approved By | I3: Status
A4: DOC-POL-001 | B4: Information Security Policy | C4: v1.0 | D4: 2024-01-15 | E4: Ahmed Al-Thani | F4: Initial document creation | G4: Sara Ibrahim | H4: CEO | I4: Approved
A5: DOC-POL-001 | B5: Information Security Policy | C5: v1.5 | D5: 2024-06-20 | E5: Ahmed Al-Thani | F5: Added cloud security section | G5: Sara Ibrahim | H5: CEO | I5: Approved
A6: DOC-POL-001 | B6: Information Security Policy | C6: v2.0 | D6: 2024-12-01 | E6: Ahmed Al-Thani | F6: Major revision - GDPR compliance | G6: Sara Ibrahim | H6: CEO | I6: Approved
A7: DOC-POL-001 | B7: Information Security Policy | C7: v2.1 | D7: 2025-01-15 | E7: Ahmed Al-Thani | F7: Minor updates to access controls | G7: Sara Ibrahim | H7: CEO | I7: Approved
A8: DOC-SOP-001 | B8: Visitor Registration Procedure | C8: v1.0 | D8: 2024-06-01 | E8: Fatima Hassan | F8: Initial procedure document | G8: HR Manager | H8: COO | I8: Approved
A9: DOC-SOP-001 | B9: Visitor Registration Procedure | C9: v1.1 | D9: 2024-09-15 | E9: Fatima Hassan | F9: Added digital check-in process | G9: HR Manager | H9: COO | I9: Approved
A10: DOC-SOP-001 | B10: Visitor Registration Procedure | C10: v1.2 | D10: 2025-01-10 | E10: Fatima Hassan | F10: Updated badge system integration | G10: HR Manager | H10: COO | I10: Approved
A11: DOC-SOP-001 | B11: Visitor Registration Procedure | C11: v1.3 | D11: 2025-03-01 | E11: Fatima Hassan | F11: Added VIP visitor handling | G11: HR Manager | H11: COO | I11: Approved
A12: DOC-TEC-001 | B12: Network Architecture Document | C12: v1.0 | D12: 2021-06-01 | E12: IT Infrastructure | F12: Initial network design | G12: IT Director | H12: CTO | I12: Approved
A13: DOC-TEC-001 | B13: Network Architecture Document | C13: v2.0 | D13: 2022-03-15 | E13: IT Infrastructure | F13: Cloud migration architecture | G13: IT Director | H13: CTO | I13: Approved
A14: DOC-TEC-001 | B14: Network Architecture Document | C14: v3.0 | D14: 2023-01-20 | E14: IT Infrastructure | F14: Hybrid cloud implementation | G14: IT Director | H14: CTO | I14: Approved
... A20: DOC-FRM-001 | B20: Leave Application Form | C20: v3.0 | D20: 2024-01-01 | E20: HR Team | F20: New approval workflow | G20: HR Manager | H20: HR Director | I20: Approved
