Workbook

Sheet Daily Visitor Log
A1: Date | B1: Badge Number | C1: Visitor Name | D1: Company | E1: Contact Phone | F1: Email | G1: Person to Meet | H1: Department | I1: Purpose of Visit | J1: Check-in Time | K1: Check-out Time | L1: Duration | M1: Status | N1: Notes | O1: ID Type | P1: ID Number
A2: 2026-02-17 | B2: V-20260217-1001 | C2: Ahmed Hassan | D2: Tech Solutions Ltd | E2: +974-3312-3456 | F2: ahmed.hassan@techsol.com | G2: Mozan Ahmed | H2: IT | I2: Network Infrastructure Consultation | J2: 2026-02-17 09:15:00 | K2: 2026-02-17 11:30:00 | L2: 02:15 | M2: Checked Out | N2: Discussed Cisco configuration | O2: Passport | P2: QA123456
A3: 2026-02-17 | B3: V-20260217-1002 | C3: Sara Ibrahim | D3: Al Jazeera Consulting | E3: +974-5578-9012 | F3: sara.ibrahim@ajc.qa | G3: HR Manager | H3: HR | I3: Recruitment Partnership Discussion | J3: 2026-02-17 10:00:00 | K3: 2026-02-17 12:00:00 | L3: 02:00 | M3: Checked Out | N3: Partnership agreement review | O3: National ID | P3: 28501234
A4: 2026-02-17 | B4: V-20260217-1003 | C4: Mohammed Ali | D4: Qatar Digital Services | E4: +974-6634-5678 | F4: m.ali@qds.qa | G4: IT Manager | H4: IT | I4: System Integration Meeting | J4: 2026-02-17 10:30:00 | L4: 00:00 | M4: Checked In | N4: Currently in meeting | O4: Passport | P4: SA789012
A5: 2026-02-17 | B5: V-20260217-1004 | C5: Fatima Al-Said | D5: Business Partners Co | E5: +974-4456-7890 | F5: fatima@bp.com | G5: CEO | H5: Management | I5: Strategic Partnership | J5: 2026-02-17 11:00:00 | K5: 2026-02-17 13:00:00 | L5: 02:00 | M5: Checked Out | N5: VIP visitor - Executive suite | O5: National ID | P5: 29601234
A6: 2026-02-17 | B6: V-20260217-1005 | C6: John Smith | D6: Global Tech Inc | E6: +974-5567-8901 | F6: john.smith@globaltech.com | G6: IT Director | H6: IT | I6: Cloud Migration Discussion | J6: 2026-02-17 13:30:00 | K6: 2026-02-17 15:00:00 | L6: 01:30 | M6: Checked Out | N6: AWS consultation | O6: Passport | P6: US456789
A7: 2026-02-17 | B7: V-20260217-1006 | C7: Layla Mohammed | D7: Doha University | E7: +974-3345-6789 | F7: layla.m@du.edu.qa | G7: HR Manager | H7: HR | I7: Graduate Recruitment | J7: 2026-02-17 14:00:00 | K7: 2026-02-17 15:30:00 | L7: 01:30 | M7: Checked Out | N7: Career fair planning | O7: National ID | P7: 29101234
A8: 2026-02-17 | B8: V-20260217-1007 | C8: David Chen | D8: Singapore Solutions | E8: +65-9123-4567 | F8: david.chen@sgsol.sg | G8: Finance Manager | H8: Finance | I8: Annual Audit Meeting | J8: 2026-02-17 14:30:00 | L8: 00:00 | M8: Checked In | N8: Audit in progress | O8: Passport | P8: SG234567
A9: 2026-02-16 | B9: V-20260216-1001 | C9: Nora Al-Thani | D9: Qatar Airways | E9: +974-4412-3456 | F9: nora.althani@qr.com | G9: DevOps Lead | H9: DevOps | I9: System Automation Discussion | J9: 2026-02-16 09:00:00 | K9: 2026-02-16 10:30:00 | L9: 01:30 | M9: Checked Out | N9: Jenkins CI/CD setup | O9: National ID | P9: 28801234
A10: 2026-02-16 | B10: V-20260216-1002 | C10: Omar Khalid | D10: Ministry of Interior | E10: +974-4401-2345 | F10: omar.k@moi.gov.qa | G10: Security Manager | H10: Management | I10: Security Compliance Review | J10: 2026-02-16 10:00:00 | K10: 2026-02-16 12:30:00 | L10: 02:30 | M10: Checked Out | N10: Government inspection | O10: National ID | P10: 27901234
A11: 2026-02-16 | B11: V-20260216-1003 | C11: Lisa Johnson | D11: Microsoft Qatar | E11: +974-5598-7654 | F11: lisa.johnson@microsoft.com | G11: IT Director | H11: IT | I11: Azure Training Session | J11: 2026-02-16 11:00:00 | K11: 2026-02-16 16:00:00 | L11: 05:00 | M11: Checked Out | N11: Full day workshop | O11: Passport | P11: US789012
A12: 2026-02-16 | B12: V-20260216-1004 | C12: Khalid Rahman | D12: Local Telecom | E12: +974-3323-4567 | F12: khalid.r@telecom.qa | G12: Network Engineer | H12: IT | I12: Fiber Installation Planning | J12: 2026-02-16 13:00:00 | K12: 2026-02-16 14:00:00 | L12: 01:00 | M12: Checked Out | N12: Site survey completed | O12: National ID | P12: 29201234
A13: 2026-02-16 | B13: V-20260216-1005 | C13: Emma Wilson | D13: UK Trade Office | E13: +44-20-7123-4567 | F13: emma.wilson@trade.gov.uk | G13: CEO | H13: Management | I13: Trade Relations Meeting | J13: 2026-02-16 15:00:00 | K13: 2026-02-16 17:00:00 | L13: 02:00 | M13: Checked Out | N13: VIP - Diplomatic visit | O13: Passport | P13: GB123456
A14: 2026-02-15 | B14: V-20260215-1001 | C14: Ali Hassan | D14: Consulting Group | E14: +974-5512-3456 | F14: ali.h@consulting.qa | G14: Finance Manager | H14: Finance | I14: Budget Review | J14: 2026-02-15 09:30:00 | K14: 2026-02-15 11:00:00 | L14: 01:30 | M14: Checked Out | N14: Q1 Budget planning | O14: National ID | P14: 28401234
A15: 2026-02-15 | B15: V-20260215-1002 | C15: Maryam Ahmed | D15: HR Solutions | E15: +974-3378-9012 | F15: maryam.a@hrsol.qa | G15: HR Manager | H15: HR | I15: Employee Benefits Discussion | J15: 2026-02-15 10:00:00 | K15: 2026-02-15 11:30:00 | L15: 01:30 | M15: Checked Out | N15: Insurance proposal | O15: National ID | P15: 29301234
A16: 2026-02-15 | B16: V-20260215-1003 | C16: Robert Taylor | D16: IBM Middle East | E16: +971-4-123-4567 | F16: robert.taylor@ibm.com | G16: IT Director | H16: IT | I16: SAP Implementation | J16: 2026-02-15 13:00:00 | K16: 2026-02-15 17:00:00 | L16: 04:00 | M16: Checked Out | N16: ERP system demo | O16: Passport | P16: US345678
A17: 2026-02-15 | B17: V-20260215-1004 | C17: Aisha Saleh | D17: Qatar Foundation | E17: +974-4456-7890 | F17: aisha.s@qf.org.qa | G17: CEO | H17: Management | I17: CSR Partnership | J17: 2026-02-15 14:00:00 | K17: 2026-02-15 15:30:00 | L17: 01:30 | M17: Checked Out | N17: Community program discussion | O17: National ID | P17: 28701234
A18: 2026-02-14 | B18: V-20260214-1001 | C18: Hassan Mahmoud | D18: Security Firm | E18: +974-5534-5678 | F18: hassan.m@security.qa | G18: Security Manager | H18: Management | I18: Security Assessment | J18: 2026-02-14 09:00:00 | K18: 2026-02-14 12:00:00 | L18: 03:00 | M18: Checked Out | N18: Facility security audit | O18: National ID | P18: 27801234
A19: 2026-02-14 | B19: V-20260214-1002 | C19: Sophie Martin | D19: French Embassy | E19: +974-4423-4567 | F19: sophie.martin@diplomatie.gouv.fr | G19: CEO | H19: Management | I19: Diplomatic Visit | J19: 2026-02-14 11:00:00 | K19: 2026-02-14 13:00:00 | L19: 02:00 | M19: Checked Out | N19: VIP - Government official | O19: Passport | P19: FR123456
A20: 2026-02-14 | B20: V-20260214-1003 | C20: Yousef Al-Mansoori | D20: Qatar Chamber | E20: +974-4445-6789 | F20: yousef.m@qatarchamber.qa | G20: Business Development | H20: Management | I20: Business Networking | J20: 2026-02-14 14:00:00 | K20: 2026-02-14 16:00:00 | L20: 02:00 | M20: Checked Out | N20: Partnership opportunities | O20: National ID | P20: 28201234
... A32: 2026-02-11 | B32: V-20260211-1003 | C32: Noura Hassan | D32: PR Agency | E32: +974-3356-7890 | F32: noura.h@pr.qa | G32: Marketing Manager | H32: Management | I32: Media Relations | J32: 2026-02-11 14:00:00 | K32: 2026-02-11 15:30:00 | L32: 01:30 | M32: Checked Out | N32: Press release planning | O32: National ID | P32: 29501234
L33: =IF(K33="","",TEXT(K33-J33,"[h]:mm"))
L34: =IF(K34="","",TEXT(K34-J34,"[h]:mm"))
L35: =IF(K35="","",TEXT(K35-J35,"[h]:mm"))
L36: =IF(K36="","",TEXT(K36-J36,"[h]:mm"))
L37: =IF(K37="","",TEXT(K37-J37,"[h]:mm"))
L38: =IF(K38="","",TEXT(K38-J38,"[h]:mm"))
L39: =IF(K39="","",TEXT(K39-J39,"[h]:mm"))
L40: =IF(K40="","",TEXT(K40-J40,"[h]:mm"))
L41: =IF(K41="","",TEXT(K41-J41,"[h]:mm"))
L42: =IF(K42="","",TEXT(K42-J42,"[h]:mm"))
L43: =IF(K43="","",TEXT(K43-J43,"[h]:mm"))
L44: =IF(K44="","",TEXT(K44-J44,"[h]:mm"))
... L49: =IF(K49="","",TEXT(K49-J49,"[h]:mm"))

Sheet Monthly Summary
A1: NABTATECH SOLUTIONS - MONTHLY VISITOR SUMMARY
A3: Month: | B3: 2 | C3: Year: | D3: 2026
A5: KEY METRICS
A6: Total Visitors: | B6: =COUNTIFS('Daily Visitor Log'!A:A,">="&DATE(D3,B3,1),'Daily Visitor Log'!A:A,"<"&DATE(D3,B3+1,1))
A7: Average Daily Visitors: | B7: =IFERROR(B6/DAY(EOMONTH(DATE(D3,B3,1),0)),0)
A8: Unique Companies: | B8: =COUNTIF('Daily Visitor Log'!D:D,"<>"&"")-1
A9: Most Visited Dept: | B9: =IFERROR(INDEX('Daily Visitor Log'!H:H,MATCH(MAX(COUNTIFS('Daily Visitor Log'!H:H,'Daily Visitor Log'!H:H,'Daily Visitor Log'!A:A,">="&DATE(D3,B3,1),'Daily Visitor Log'!A:A,"<"&DATE(D3,B3+1,1))),COUNTIFS('Daily Visitor Log'!H:H,'Daily Visitor Log'!H:H,'Daily Visitor Log'!A:A,">="&DATE(D3,B3,1),'Daily Visitor Log'!A:A,"<"&DATE(D3,B3+1,1)),0)),"N/A")
A10: Checked In Now: | B10: =COUNTIF('Daily Visitor Log'!M:M,"Checked In")
A13: DEPARTMENT BREAKDOWN
A14: Department | B14: Visitors
A15: IT | B15: =COUNTIF('Daily Visitor Log'!H:H,A15)
A16: HR | B16: =COUNTIF('Daily Visitor Log'!H:H,A16)
A17: Management | B17: =COUNTIF('Daily Visitor Log'!H:H,A17)
A18: Finance | B18: =COUNTIF('Daily Visitor Log'!H:H,A18)
A19: DevOps | B19: =COUNTIF('Daily Visitor Log'!H:H,A19)
A20: Operations | B20: =COUNTIF('Daily Visitor Log'!H:H,A20)
A23: DAILY VISITOR TREND
A24: Date | B24: Visitors
A25: 2026-02-11 | B25: =COUNTIF('Daily Visitor Log'!A:A,A25)
A26: 2026-02-12 | B26: =COUNTIF('Daily Visitor Log'!A:A,A26)
A27: 2026-02-13 | B27: =COUNTIF('Daily Visitor Log'!A:A,A27)
A28: 2026-02-14 | B28: =COUNTIF('Daily Visitor Log'!A:A,A28)
A29: 2026-02-15 | B29: =COUNTIF('Daily Visitor Log'!A:A,A29)
A30: 2026-02-16 | B30: =COUNTIF('Daily Visitor Log'!A:A,A30)
A31: 2026-02-17 | B31: =COUNTIF('Daily Visitor Log'!A:A,A31)
A34: TOP VISITING COMPANIES
A35: Company | B35: Visits
A36: Tech Solutions Ltd | B36: 1
A37: Al Jazeera Consulting | B37: 1
A38: Qatar Digital Services | B38: 1
A39: Business Partners Co | B39: 1
A40: Global Tech Inc | B40: 1
A41: Doha University | B41: 1
A42: Singapore Solutions | B42: 1
A43: Qatar Airways | B43: 1
A44: Ministry of Interior | B44: 1
A45: Microsoft Qatar | B45: 1

Sheet Appointment Scheduler
A1: NABTATECH SOLUTIONS - APPOINTMENT SCHEDULER | H1: NEW APPOINTMENT BOOKING
A3: Week Starting: | B3: 46069 | D3: Legend: | E3: Available | F3: Booked | G3: Pending | H3: Visitor Name:
H4: Company:
A5: Time | B5: Monday | C5: Tuesday | D5: Wednesday | E5: Thursday | F5: Friday | H5: Contact Phone:
A6: 08:00 | B6: Ahmed Hassan | C6: Sara Ibrahim | D6: Available | E6: Available | F6: Available | H6: Email:
A7: 08:30 | B7: Ahmed Hassan | C7: Available | D7: Available | E7: Available | F7: Available | H7: Person to Meet:
A8: 09:00 | B8: Available | C8: Available | D8: Mohammed Ali | E8: Available | F8: Available | H8: Department:
A9: 09:30 | B9: Available | C9: Available | D9: Mohammed Ali | E9: Available | F9: Available | H9: Date:
A10: 10:00 | B10: Fatima Al-Said | C10: Fatima Al-Said | D10: Available | E10: Available | F10: Available | H10: Time Slot:
A11: 10:30 | B11: Available | C11: Available | D11: Available | E11: Available | F11: Available | H11: Purpose:
A12: 11:00 | B12: Available | C12: Available | D12: Available | E12: John Smith | F12: Available | H12: Status: | I12: Pending
A13: 11:30 | B13: Available | C13: Available | D13: Available | E13: John Smith | F13: Available
A14: 12:00 | B14: Layla Mohammed | C14: Available | D14: Available | E14: Available | F14: Available
A15: 12:30 | B15: Available | C15: Available | D15: Available | E15: Available | F15: David Chen
A16: 13:00 | B16: Available | C16: Available | D16: Available | E16: Available | F16: David Chen
A17: 13:30 | B17: Available | C17: Available | D17: Available | E17: Available | F17: Available
A18: 14:00 | B18: Available | C18: Available | D18: Available | E18: Available | F18: Available
A19: 14:30 | B19: Available | C19: Available | D19: Available | E19: Available | F19: Available
A20: 15:00 | B20: Available | C20: Available | D20: Available | E20: Available | F20: Available
A21: 15:30 | B21: Available | C21: Available | D21: Available | E21: Available | F21: Available
A22: 16:00 | B22: Available | C22: Available | D22: Available | E22: Available | F22: Available
A23: 16:30 | B23: Available | C23: Available | D23: Available | E23: Available | F23: Available
A24: 17:00 | B24: Available | C24: Available | D24: Available | E24: Available | F24: Available
A25: 17:30 | B25: Available | C25: Available | D25: Available | E25: Available | F25: Available

Sheet Dashboard
A1: NABTATECH RECEPTION DASHBOARD
A2: Today's Date: | B2: =TODAY() | D2: Last Updated: | E2: =NOW()
A4: TODAY'S VISITORS | C4: THIS WEEK | E4: THIS MONTH | G4: CHECKED IN NOW
A5: =COUNTIF('Daily Visitor Log'!A:A,TODAY()) | C5: =COUNTIFS('Daily Visitor Log'!A:A,">="&(TODAY()-WEEKDAY(TODAY(),2)+1),'Daily Visitor Log'!A:A,"<="&TODAY()) | E5: =COUNTIFS('Daily Visitor Log'!A:A,">="&DATE(YEAR(TODAY()),MONTH(TODAY()),1),'Daily Visitor Log'!A:A,"<="&TODAY()) | G5: =COUNTIF('Daily Visitor Log'!M:M,"Checked In")
A8: VISITORS BY DEPARTMENT | F8: STATUS SUMMARY
A9: Department | B9: Count | C9: % of Total | F9: Status | G9: Count
A10: IT | B10: =COUNTIF('Daily Visitor Log'!H:H,A10) | C10: =IFERROR(B10/SUM($B$10:$B$15),0) | F10: Checked In | G10: =COUNTIF('Daily Visitor Log'!M:M,F10)
A11: HR | B11: =COUNTIF('Daily Visitor Log'!H:H,A11) | C11: =IFERROR(B11/SUM($B$10:$B$15),0) | F11: Checked Out | G11: =COUNTIF('Daily Visitor Log'!M:M,F11)
A12: Management | B12: =COUNTIF('Daily Visitor Log'!H:H,A12) | C12: =IFERROR(B12/SUM($B$10:$B$15),0) | F12: Cancelled | G12: =COUNTIF('Daily Visitor Log'!M:M,F12)
A13: Finance | B13: =COUNTIF('Daily Visitor Log'!H:H,A13) | C13: =IFERROR(B13/SUM($B$10:$B$15),0)
A14: DevOps | B14: =COUNTIF('Daily Visitor Log'!H:H,A14) | C14: =IFERROR(B14/SUM($B$10:$B$15),0)
A15: Operations | B15: =COUNTIF('Daily Visitor Log'!H:H,A15) | C15: =IFERROR(B15/SUM($B$10:$B$15),0)
A17: RECENT VISITORS (Last 5)
A18: Date | B18: Visitor Name | C18: Company | D18: Department | E18: Person to Meet | F18: Status
A19: 2026-02-17 | B19: Ahmed Hassan | C19: Tech Solutions Ltd | D19: IT | E19: Mozan Ahmed | F19: Checked Out
A20: 2026-02-17 | B20: Mohammed Ali | C20: Qatar Digital Services | D20: IT | E20: IT Manager | F20: Checked In
A21: 2026-02-17 | B21: Fatima Al-Said | C21: Business Partners Co | D21: Management | E21: CEO | F21: Checked Out
A22: 2026-02-17 | B22: John Smith | C22: Global Tech Inc | D22: IT | E22: IT Director | F22: Checked Out
A23: 2026-02-17 | B23: Layla Mohammed | C23: Doha University | D23: HR | E23: HR Manager | F23: Checked Out
